Goal,Target,Indicator,SeriesCode,SeriesDescription,GeoAreaCode,GeoAreaName,TimePeriod,Value,Time_Detail,TimeCoverage,UpperBound,LowerBound,BasePeriod,Source,GeoInfoUrl,FootNote,[Age],[Nature],[Observation Status],[Reporting Type],[Units]
"2","2.2","2.2.2","SN_STA_OVWGTN","Children moderately or severely overweight (thousands)","218","Ecuador","2000","59.2","2000","","73.5","47.6","","Source: Joint Child Malnutrition Estimates (2023 Edition), United Nations Children's Fund (UNICEF), World Health Organisation (WHO) and the World Bank Group.","","","<5Y","M","A","G","NUM_TH"
"2","2.2","2.2.2","SN_STA_OVWGTN","Children moderately or severely overweight (thousands)","218","Ecuador","2001","62.5","2001","","76.5","51.1","","Source: Joint Child Malnutrition Estimates (2023 Edition), United Nations Children's Fund (UNICEF), World Health Organisation (WHO) and the World Bank Group.","","","<5Y","M","A","G","NUM_TH"
"2","2.2","2.2.2","SN_STA_OVWGTN","Children moderately or severely overweight (thousands)","218","Ecuador","2002","65.9","2002","","79.5","54.5","","Source: Joint Child Malnutrition Estimates (2023 Edition), United Nations Children's Fund (UNICEF), World Health Organisation (WHO) and the World Bank Group.","","","<5Y","M","A","G","NUM_TH"
"2","2.2","2.2.2","SN_STA_OVWGTN","Children moderately or severely overweight (thousands)","218","Ecuador","2003","69.2","2003","","82.5","57.9","","Source: Joint Child Malnutrition Estimates (2023 Edition), United Nations Children's Fund (UNICEF), World Health Organisation (WHO) and the World Bank Group.","","","<5Y","M","A","G","NUM_TH"
"2","2.2","2.2.2","SN_STA_OVWGTN","Children moderately or severely overweight (thousands)","218","Ecuador","2004","72.4","2004","","85.6","61.2","","Source: Joint Child Malnutrition Estimates (2023 Edition), United Nations Children's Fund (UNICEF), World Health Organisation (WHO) and the World Bank Group.","","","<5Y","M","A","G","NUM_TH"
"2","2.2","2.2.2","SN_STA_OVWGTN","Children moderately or severely overweight (thousands)","218","Ecuador","2005","76.1","2005","","89.2","64.8","","Source: Joint Child Malnutrition Estimates (2023 Edition), United Nations Children's Fund (UNICEF), World Health Organisation (WHO) and the World Bank Group.","","","<5Y","M","A","G","NUM_TH"
"2","2.2","2.2.2","SN_STA_OVWGTN","Children moderately or severely overweight (thousands)","218","Ecuador","2006","80.1","2006","","93.4","68.7","","Source: Joint Child Malnutrition Estimates (2023 Edition), United Nations Children's Fund (UNICEF), World Health Organisation (WHO) and the World Bank Group.","","","<5Y","M","A","G","NUM_TH"
"2","2.2","2.2.2","SN_STA_OVWGTN","Children moderately or severely overweight (thousands)","218","Ecuador","2007","85","2007","","98.5","73.2","","Source: Joint Child Malnutrition Estimates (2023 Edition), United Nations Children's Fund (UNICEF), World Health Organisation (WHO) and the World Bank Group.","","","<5Y","M","A","G","NUM_TH"
"2","2.2","2.2.2","SN_STA_OVWGTN","Children moderately or severely overweight (thousands)","218","Ecuador","2008","90.5","2008","","104.6","78.3","","Source: Joint Child Malnutrition Estimates (2023 Edition), United Nations Children's Fund (UNICEF), World Health Organisation (WHO) and the World Bank Group.","","","<5Y","M","A","G","NUM_TH"
"2","2.2","2.2.2","SN_STA_OVWGTN","Children moderately or severely overweight (thousands)","218","Ecuador","2009","97","2009","","111.8","84","","Source: Joint Child Malnutrition Estimates (2023 Edition), United Nations Children's Fund (UNICEF), World Health Organisation (WHO) and the World Bank Group.","","","<5Y","M","A","G","NUM_TH"
"2","2.2","2.2.2","SN_STA_OVWGTN","Children moderately or severely overweight (thousands)","218","Ecuador","2010","104.1","2010","","119.8","90.3","","Source: Joint Child Malnutrition Estimates (2023 Edition), United Nations Children's Fund (UNICEF), World Health Organisation (WHO) and the World Bank Group.","","","<5Y","M","A","G","NUM_TH"
"2","2.2","2.2.2","SN_STA_OVWGTN","Children moderately or severely overweight (thousands)","218","Ecuador","2011","112.2","2011","","129.1","97.3","","Source: Joint Child Malnutrition Estimates (2023 Edition), United Nations Children's Fund (UNICEF), World Health Organisation (WHO) and the World Bank Group.","","","<5Y","M","A","G","NUM_TH"
"2","2.2","2.2.2","SN_STA_OVWGTN","Children moderately or severely overweight (thousands)","218","Ecuador","2012","120.5","2012","","138.8","104.3","","Source: Joint Child Malnutrition Estimates (2023 Edition), United Nations Children's Fund (UNICEF), World Health Organisation (WHO) and the World Bank Group.","","","<5Y","M","A","G","NUM_TH"
"2","2.2","2.2.2","SN_STA_OVWGTN","Children moderately or severely overweight (thousands)","218","Ecuador","2013","128.4","2013","","148.4","111","","Source: Joint Child Malnutrition Estimates (2023 Edition), United Nations Children's Fund (UNICEF), World Health Organisation (WHO) and the World Bank Group.","","","<5Y","M","A","G","NUM_TH"
"2","2.2","2.2.2","SN_STA_OVWGTN","Children moderately or severely overweight (thousands)","218","Ecuador","2014","135.6","2014","","157.2","116.8","","Source: Joint Child Malnutrition Estimates (2023 Edition), United Nations Children's Fund (UNICEF), World Health Organisation (WHO) and the World Bank Group.","","","<5Y","M","A","G","NUM_TH"
"2","2.2","2.2.2","SN_STA_OVWGTN","Children moderately or severely overweight (thousands)","218","Ecuador","2015","141.2","2015","","164.4","120.9","","Source: Joint Child Malnutrition Estimates (2023 Edition), United Nations Children's Fund (UNICEF), World Health Organisation (WHO) and the World Bank Group.","","","<5Y","M","A","G","NUM_TH"
"2","2.2","2.2.2","SN_STA_OVWGTN","Children moderately or severely overweight (thousands)","218","Ecuador","2016","145.3","2016","","170.6","123.5","","Source: Joint Child Malnutrition Estimates (2023 Edition), United Nations Children's Fund (UNICEF), World Health Organisation (WHO) and the World Bank Group.","","","<5Y","M","A","G","NUM_TH"
"2","2.2","2.2.2","SN_STA_OVWGTN","Children moderately or severely overweight (thousands)","218","Ecuador","2017","149.6","2017","","177.5","125.6","","Source: Joint Child Malnutrition Estimates (2023 Edition), United Nations Children's Fund (UNICEF), World Health Organisation (WHO) and the World Bank Group.","","","<5Y","M","A","G","NUM_TH"
"2","2.2","2.2.2","SN_STA_OVWGTN","Children moderately or severely overweight (thousands)","218","Ecuador","2018","154.2","2018","","186","127.3","","Source: Joint Child Malnutrition Estimates (2023 Edition), United Nations Children's Fund (UNICEF), World Health Organisation (WHO) and the World Bank Group.","","","<5Y","M","A","G","NUM_TH"
"2","2.2","2.2.2","SN_STA_OVWGTN","Children moderately or severely overweight (thousands)","218","Ecuador","2019","159.3","2019","","196.3","128.6","","Source: Joint Child Malnutrition Estimates (2023 Edition), United Nations Children's Fund (UNICEF), World Health Organisation (WHO) and the World Bank Group.","","","<5Y","M","A","G","NUM_TH"
"2","2.2","2.2.2","SN_STA_OVWGTN","Children moderately or severely overweight (thousands)","218","Ecuador","2020","165.2","2020","","209","129.7","","Source: Joint Child Malnutrition Estimates (2023 Edition), United Nations Children's Fund (UNICEF), World Health Organisation (WHO) and the World Bank Group.","","","<5Y","M","A","G","NUM_TH"
"2","2.2","2.2.2","SN_STA_OVWGTN","Children moderately or severely overweight (thousands)","218","Ecuador","2021","171.5","2021","","224.1","130.1","","Source: Joint Child Malnutrition Estimates (2023 Edition), United Nations Children's Fund (UNICEF), World Health Organisation (WHO) and the World Bank Group.","","","<5Y","M","A","G","NUM_TH"
"2","2.2","2.2.2","SN_STA_OVWGTN","Children moderately or severely overweight (thousands)","218","Ecuador","2022","176.6","2022","","239.8","128.3","","Source: Joint Child Malnutrition Estimates (2023 Edition), United Nations Children's Fund (UNICEF), World Health Organisation (WHO) and the World Bank Group.","","","<5Y","M","A","G","NUM_TH"
                                                            