Goal,Target,Indicator,SeriesCode,SeriesDescription,GeoAreaCode,GeoAreaName,TimePeriod,Value,Time_Detail,TimeCoverage,UpperBound,LowerBound,BasePeriod,Source,GeoInfoUrl,FootNote,[Nature],[Quantile],[Reporting Type],[Units]
"1","1.3","1.3.1","SI_COV_SOCAST","[World Bank] Proportion of population covered by social assistance programs (%)","218","Ecuador","2008","84.01447","2008","","","","","ASPIRE: The Atlas of Social Protection - Indicators of Resilience and Equity, The World Bank. Data are based on national representative household surveys. (datatopics.worldbank.org/aspire/)","","","CA","Q1","G","PERCENT"
"1","1.3","1.3.1","SI_COV_SOCAST","[World Bank] Proportion of population covered by social assistance programs (%)","218","Ecuador","2008","57.87631","2008","","","","","ASPIRE: The Atlas of Social Protection - Indicators of Resilience and Equity, The World Bank. Data are based on national representative household surveys. (datatopics.worldbank.org/aspire/)","","","CA","_T","G","PERCENT"
"1","1.3","1.3.1","SI_COV_SOCAST","[World Bank] Proportion of population covered by social assistance programs (%)","218","Ecuador","2010","85.69292","2010","","","","","ASPIRE: The Atlas of Social Protection - Indicators of Resilience and Equity, The World Bank. Data are based on national representative household surveys. (datatopics.worldbank.org/aspire/)","","","CA","Q1","G","PERCENT"
"1","1.3","1.3.1","SI_COV_SOCAST","[World Bank] Proportion of population covered by social assistance programs (%)","218","Ecuador","2010","64.68918","2010","","","","","ASPIRE: The Atlas of Social Protection - Indicators of Resilience and Equity, The World Bank. Data are based on national representative household surveys. (datatopics.worldbank.org/aspire/)","","","CA","_T","G","PERCENT"
"1","1.3","1.3.1","SI_COV_SOCAST","[World Bank] Proportion of population covered by social assistance programs (%)","218","Ecuador","2011","58.70949","2011","","","","","ASPIRE: The Atlas of Social Protection - Indicators of Resilience and Equity, The World Bank. Data are based on national representative household surveys. (datatopics.worldbank.org/aspire/)","","","CA","Q1","G","PERCENT"
"1","1.3","1.3.1","SI_COV_SOCAST","[World Bank] Proportion of population covered by social assistance programs (%)","218","Ecuador","2011","37.47342","2011","","","","","ASPIRE: The Atlas of Social Protection - Indicators of Resilience and Equity, The World Bank. Data are based on national representative household surveys. (datatopics.worldbank.org/aspire/)","","","CA","_T","G","PERCENT"
"1","1.3","1.3.1","SI_COV_SOCAST","[World Bank] Proportion of population covered by social assistance programs (%)","218","Ecuador","2012","67.98835","2012","","","","","ASPIRE: The Atlas of Social Protection - Indicators of Resilience and Equity, The World Bank. Data are based on national representative household surveys. (datatopics.worldbank.org/aspire/)","","","CA","_T","G","PERCENT"
"1","1.3","1.3.1","SI_COV_SOCAST","[World Bank] Proportion of population covered by social assistance programs (%)","218","Ecuador","2012","88.62035","2012","","","","","ASPIRE: The Atlas of Social Protection - Indicators of Resilience and Equity, The World Bank. Data are based on national representative household surveys. (datatopics.worldbank.org/aspire/)","","","CA","Q1","G","PERCENT"
"1","1.3","1.3.1","SI_COV_SOCAST","[World Bank] Proportion of population covered by social assistance programs (%)","218","Ecuador","2014","92.66479","2014","","","","","ASPIRE: The Atlas of Social Protection - Indicators of Resilience and Equity, The World Bank. Data are based on national representative household surveys. (datatopics.worldbank.org/aspire/)","","","CA","Q1","G","PERCENT"
"1","1.3","1.3.1","SI_COV_SOCAST","[World Bank] Proportion of population covered by social assistance programs (%)","218","Ecuador","2014","71.32978","2014","","","","","ASPIRE: The Atlas of Social Protection - Indicators of Resilience and Equity, The World Bank. Data are based on national representative household surveys. (datatopics.worldbank.org/aspire/)","","","CA","_T","G","PERCENT"
"1","1.3","1.3.1","SI_COV_SOCAST","[World Bank] Proportion of population covered by social assistance programs (%)","218","Ecuador","2015","91.42019","2015","","","","","ASPIRE: The Atlas of Social Protection - Indicators of Resilience and Equity, The World Bank. Data are based on national representative household surveys. (datatopics.worldbank.org/aspire/)","","","CA","Q1","G","PERCENT"
"1","1.3","1.3.1","SI_COV_SOCAST","[World Bank] Proportion of population covered by social assistance programs (%)","218","Ecuador","2015","69.26205","2015","","","","","ASPIRE: The Atlas of Social Protection - Indicators of Resilience and Equity, The World Bank. Data are based on national representative household surveys. (datatopics.worldbank.org/aspire/)","","","CA","_T","G","PERCENT"
"1","1.3","1.3.1","SI_COV_SOCAST","[World Bank] Proportion of population covered by social assistance programs (%)","218","Ecuador","2016","87.87891","2016","","","","","ASPIRE: The Atlas of Social Protection - Indicators of Resilience and Equity, The World Bank. Data are based on national representative household surveys. (datatopics.worldbank.org/aspire/)","","","CA","Q1","G","PERCENT"
"1","1.3","1.3.1","SI_COV_SOCAST","[World Bank] Proportion of population covered by social assistance programs (%)","218","Ecuador","2016","68.43239","2016","","","","","ASPIRE: The Atlas of Social Protection - Indicators of Resilience and Equity, The World Bank. Data are based on national representative household surveys. (datatopics.worldbank.org/aspire/)","","","CA","_T","G","PERCENT"
"1","1.3","1.3.1","SI_COV_SOCAST","[World Bank] Proportion of population covered by social assistance programs (%)","218","Ecuador","2017","68.54306","2017","","","","","ASPIRE: The Atlas of Social Protection - Indicators of Resilience and Equity, The World Bank. Data are based on national representative household surveys. (datatopics.worldbank.org/aspire/)","","","CA","_T","G","PERCENT"
"1","1.3","1.3.1","SI_COV_SOCAST","[World Bank] Proportion of population covered by social assistance programs (%)","218","Ecuador","2017","90.28361","2017","","","","","ASPIRE: The Atlas of Social Protection - Indicators of Resilience and Equity, The World Bank. Data are based on national representative household surveys. (datatopics.worldbank.org/aspire/)","","","CA","Q1","G","PERCENT"
"1","1.3","1.3.1","SI_COV_SOCAST","[World Bank] Proportion of population covered by social assistance programs (%)","218","Ecuador","2018","45.00342","2018","","","","","ASPIRE: The Atlas of Social Protection - Indicators of Resilience and Equity, The World Bank. Data are based on national representative household surveys. (datatopics.worldbank.org/aspire/)","","","CA","Q1","G","PERCENT"
"1","1.3","1.3.1","SI_COV_SOCAST","[World Bank] Proportion of population covered by social assistance programs (%)","218","Ecuador","2018","19.97882","2018","","","","","ASPIRE: The Atlas of Social Protection - Indicators of Resilience and Equity, The World Bank. Data are based on national representative household surveys. (datatopics.worldbank.org/aspire/)","","","CA","_T","G","PERCENT"
"1","1.3","1.3.1","SI_COV_SOCAST","[World Bank] Proportion of population covered by social assistance programs (%)","218","Ecuador","2019","45.38013","2019","","","","","ASPIRE: The Atlas of Social Protection - Indicators of Resilience and Equity, The World Bank. Data are based on national representative household surveys. (datatopics.worldbank.org/aspire/)","","","CA","Q1","G","PERCENT"
"1","1.3","1.3.1","SI_COV_SOCAST","[World Bank] Proportion of population covered by social assistance programs (%)","218","Ecuador","2019","20.74144","2019","","","","","ASPIRE: The Atlas of Social Protection - Indicators of Resilience and Equity, The World Bank. Data are based on national representative household surveys. (datatopics.worldbank.org/aspire/)","","","CA","_T","G","PERCENT"
"1","1.3","1.3.1","SI_COV_SOCAST","[World Bank] Proportion of population covered by social assistance programs (%)","218","Ecuador","2020","55.43294","2020","","","","","ASPIRE: The Atlas of Social Protection - Indicators of Resilience and Equity, The World Bank. Data are based on national representative household surveys. (datatopics.worldbank.org/aspire/)","","","CA","Q1","G","PERCENT"
"1","1.3","1.3.1","SI_COV_SOCAST","[World Bank] Proportion of population covered by social assistance programs (%)","218","Ecuador","2020","35.1808","2020","","","","","ASPIRE: The Atlas of Social Protection - Indicators of Resilience and Equity, The World Bank. Data are based on national representative household surveys. (datatopics.worldbank.org/aspire/)","","","CA","_T","G","PERCENT"
                                                                                                                                                                                                                                                                                                                                                                                                                                                                                                                                                                                                                                                                                                                                                                                                                                                                                                                                                                                                                                                                                                                                                                                                                                                                                                                                                                                                                                                                                                                                                                                                                                                                                                                                                                                                                                                                                                                                                                                                                                                                                                                                                                                                                                                                                                                                                                                                                                                                                                                                                                                                                                                                                                                                                                                                                                                                                                                                                                                                                                                                                                                                                                                                                                                                                                                                                                                                                                                                                                                                                                                                                                                                                                                                                                                                                                                                                                                                                                                                                                                                                                                                                                                                                                                                                                                                                                                                                                                                                                                                                                                                                                                                                                                                                                                                                                                                                                                                                                                                                                                                                                                                                                                                                                                                                                                                                                                                                                                                                                                                                                                                                                                                                                                                                                                                                                                                                                                                                                                                                                                                                                                                                                                                                                                                                                                                                                                                                                                                                                                                                                                                                                                                                                                                                                                                                                                                                                                                                                                                                                                                                                                                                                                                                                                                                                                                                                                                                                                                                                                                                                                                                                                                                                                                                                                                                                                  